Number,sex,NameSet,Title,firstName,middleName,lastName,StreetAddress,City,State,StateFull,ZipCode,Country,CountryFull,email,Username,Password,BrowserUserAgent,cellPhone,TelephoneCountryCode,MothersMaiden,birthday,Age,TropicalZodiac,CCType,CCNumber,CVV2,CCExpires,ssn,UPS,WesternUnionMTCN,MoneyGramMTCN,Color,note,Company,Vehicle,Domain,BloodType,Pounds,Kilograms,FeetInches,Centimeters,externalId,Latitude,Longitude
1,female,American,Mrs.,Helen,T,Jones,4734 Saint Clair Street,Greenwood,MS,Mississippi,38930,US,United States,HelenTJones@superrito.com,Wican1978,ceGh5ies,Mozilla/5.0 (Windows NT 6.1; Win64; x64; rv:60.0) Gecko/20100101 Firefox/60.0,614-401-2209,1,Ashley,1978-06-04,40,Gemini,MasterCard,5.51E+15,369,Aug-24,425-38-8398,1Z 0V3 201 19 3704 541 7,7620844184,87471999,Green,Sign language interpreter,Sunflower Market,2008 Pagani Zonda,wowtraveller.com,A+,212.7,96.7,"5' 7""",170,c3ba714d-47e7-4eb4-8713-b60730179c89,33.589867,-90.142494
2,female,American,Mrs.,Lynn,S,Johnson,4411 Lochmere Lane,Groton,CT,Connecticut,6340,US,United States,LynnSJohnson@gustr.com,Litsee,weivaiMae6E,"Mozilla/5.0 (Macintosh; Intel Mac OS X 10_13_6) AppleWebKit/605.1.15 (KHTML, like Gecko) Version/12.0.2 Safari/605.1.15",860-405-7756,1,Scheer,1966-07-22,52,Cancer,Visa,4.55682E+15,277,Mar-23,047-06-4083,1Z A36 92V 99 4486 058 2,9411113620,23696865,Purple,State police officer,Incluesiv,2008 Maybach 57,thesocklady.com,B+,204.6,93,"5' 3""",161,2833d372-4a2d-462b-b302-a0d9b54b49fc,41.264937,-72.002448
3,male,American,Mr.,Andrew,B,Moore,1554 Nutters Barn Lane,Urbandale,IA,Iowa,50322,US,United States,AndrewBMoore@rhyta.com,Asuble,ahthoY2ohc,"Mozilla/5.0 (Macintosh; Intel Mac OS X 10_14_2) AppleWebKit/537.36 (KHTML, like Gecko) Chrome/71.0.3578.98 Safari/537.36",515-865-3416,1,Clark,2016-04-25,2,Taurus,Visa,4.91699E+15,979,Mar-24,482-52-8682,1Z 176 16Y 93 1466 114 9,5870731943,15594210,Green,Superintendent,Food Mart,2011 Hyundai Tucson,moneyincloud.com,O+,25.1,11.4,"2' 11""",89,0c7bfe8d-d737-4608-bc31-3244a370ff9c,41.618689,-93.643105
4,male,American,Mr.,Rogelio,M,Wilburn,296 Round Table Drive,Hamilton,OH,Ohio,45011,US,United States,RogelioMWilburn@einrot.com,Haventrus,ooKai1ohCh3,"Mozilla/5.0 (Windows NT 10.0; Win64; x64) AppleWebKit/537.36 (KHTML, like Gecko) Chrome/71.0.3578.98 Safari/537.36",513-894-8974,1,McGrath,1947-09-27,71,Libra,Visa,4.55674E+15,575,Aug-20,269-04-5369,1Z 728 6E9 17 7749 290 6,5578485843,91173474,Blue,Clinical laboratory technician,Gas Depot,1992 Daihatsu Feroza,tkodirect.com,B+,195.1,88.7,"5' 11""",181,40bff7d3-d0b8-4ffa-8d76-a679121d0467,39.414895,-84.422586
5,male,American,Mr.,Richard,M,Hayes,466 Mayo Street,Richmond,KY,Kentucky,40475,US,United States,RichardMHayes@dayrep.com,Leck1933,pieFahpea6V,Mozilla/5.0 (Windows NT 10.0; Win64; x64; rv:65.0) Gecko/20100101 Firefox/65.0,859-626-8833,1,Barreiro,1933-08-13,85,Leo,MasterCard,5.2664E+15,107,Aug-20,406-72-5587,1Z 31F Y35 90 9273 309 6,5888785663,66371593,Blue,Coatroom attendant,Cardinal Stores,2014 Honda Crosstour,wintersquad.com,O+,207.9,94.5,"5' 9""",175,ce7b8217-6b3b-4564-a268-ecbbedb28fc2,37.703476,-84.344432
6,male,American,Mr.,John,D,Kirby,3006 Kovar Road,Worcester,MA,Massachusetts,1609,US,United States,JohnDKirby@gustr.com,Conare,Oohaec0dee,Mozilla/5.0 (Windows NT 10.0; Win64; x64; rv:65.0) Gecko/20100101 Firefox/65.0,508-551-7791,1,Rizzo,1985-01-30,34,Aquarius,Visa,4.71626E+15,822,Apr-21,026-36-5870,1Z E14 767 93 4352 442 6,8913989975,48469111,Green,Social and human service assistant,Sofa Express,2000 Rover 75,biigleads.com,O+,233.9,106.3,"5' 10""",177,6f698749-defa-4276-b1c3-87b1039aaa02,42.265245,-71.862384
7,female,American,Ms.,Alisa,B,Tart,84 West Virginia Avenue,Wilmington,NY,New York,12997,US,United States,AlisaBTart@superrito.com,Hilty2011,Ahchee3xah,"Mozilla/5.0 (Macintosh; Intel Mac OS X 10_14_2) AppleWebKit/537.36 (KHTML, like Gecko) Chrome/71.0.3578.98 Safari/537.36",518-946-0718,1,Peterson,2011-04-28,7,Taurus,MasterCard,5.51524E+15,320,Feb-22,088-34-2334,1Z 834 462 50 3634 960 7,8074745195,96088607,Orange,Desk clerk,Quest Technology Service,2003 Vauxhall Frontera,pouchees.com,O+,38.7,17.6,"3' 8""",113,d9648dac-90f8-4a85-93fa-da84edc48691,44.437472,-73.847271
8,male,American,Mr.,Henry,A,Davis,2691 Half and Half Drive,Big Creek,CA,California,93605,US,United States,HenryADavis@cuvox.de,Rainkinste,quoo3jaiYix,Mozilla/5.0 (X11; Ubuntu; Linux x86_64; rv:64.0) Gecko/20100101 Firefox/64.0,559-893-4904,1,Pouncy,1937-06-19,81,Gemini,Visa,4.48533E+15,518,Jan-24,546-30-3541,1Z 536 671 14 0884 791 5,9186295587,56612946,Red,Barber,Pergament Home Centers,1993 Opel Omega,hotlunches.com,B+,223.7,101.7,"5' 5""",164,d964793a-80df-4add-b1e5-295ef75691b1,37.2647,-119.184175
9,female,American,Mrs.,Stacy,A,Sanchez,576 Cerullo Road,Louisville,KY,Kentucky,40205,US,United States,StacyASanchez@einrot.com,Clagarlds,ieC8quaeng,"Mozilla/5.0 (Macintosh; Intel Mac OS X 10_11_6) AppleWebKit/537.36 (KHTML, like Gecko) Chrome/71.0.3578.98 Safari/537.36",502-473-3808,1,Rose,2009-01-11,10,Capricorn,Visa,4.48522E+15,714,Oct-20,403-40-3704,1Z 883 0Y5 65 5717 091 3,7293247729,7550788,Blue,Institution and cafeteria cook,Landskip Yard Service,1995 Pontiac Trans Sport,monkeyvsman.com,A+,109.3,49.7,"4' 2""",126,7e06b989-1eda-4acb-992c-febd38cc5c1b,38.148532,-85.725112
10,female,American,Mrs.,Donna,J,Haddad,548 Rubaiyat Road,Traverse City,MI,Michigan,49684,US,United States,DonnaJHaddad@rhyta.com,Befrele,bai9lo6aeM,Mozilla/5.0 (X11; Ubuntu; Linux x86_64; rv:64.0) Gecko/20100101 Firefox/64.0,231-649-9779,1,Gilmore,1958-07-05,60,Cancer,Visa,4.91652E+15,856,Mar-22,370-50-3615,1Z 745 323 51 8034 896 8,4315327238,9757153,Brown,Sewage treatment plant operator,On Cue,1996 Nissan Terrano II,jgalla.com,B+,132.2,60.1,"5' 8""",173,c8ecfddb-080f-4fac-94a7-c5da9ca076bd,44.813514,-85.769743